,mean_fit_time,mean_score_time,mean_test_score,mean_train_score,param_learning_rate,param_max_features,param_n_estimators,param_subsample,params,rank_test_score,split0_test_score,split0_train_score,split1_test_score,split1_train_score,split2_test_score,split2_train_score,split3_test_score,split3_train_score,split4_test_score,split4_train_score,std_fit_time,std_score_time,std_test_score,std_train_score
0,1.227172040939331,0.0039233207702636715,-7861330.509888862,-180290.1881076175,0.6,auto,100,0.8,"{'n_estimators': 100, 'max_features': 'auto', 'learning_rate': 0.6, 'subsample': 0.8}",10,-8340103.12675629,-191569.51158665688,-6354719.478534525,-203089.4300787606,-8852786.245322503,-170137.30006041433,-8703864.510926351,-179337.91294469647,-7055179.187904647,-157316.78586755914,0.057869650436980724,0.006049341900392584,984055.6885284556,15992.45914030746
1,1.1903425216674806,0.0031234264373779298,-8945726.187490072,-144778.5744891837,0.6,auto,100,0.9,"{'n_estimators': 100, 'max_features': 'auto', 'learning_rate': 0.6, 'subsample': 0.9}",35,-7429681.582899742,-154016.83417869604,-6949749.370387018,-163649.3055056168,-7745595.251032645,-134164.3245837597,-14716009.666852135,-138200.19005968818,-7887595.066278818,-133862.21811815782,0.05569100602293652,0.00624685287475586,2903048.1175494497,11971.250647795312
2,1.0477527141571046,0.006249809265136718,-8687752.5796114,-121538.06349851369,0.6,auto,100,1,"{'n_estimators': 100, 'max_features': 'auto', 'learning_rate': 0.6, 'subsample': 1}",30,-7084705.25984372,-106269.43794604711,-7580193.583836865,-147925.5108947997,-8061077.932250488,-116145.9765232701,-13855650.069285145,-120205.79351023001,-6857136.052840787,-117143.59861822153,0.018628959322813384,0.007654422095658056,2617154.564944236,13997.065215305603
3,5.946546459197998,0.015622663497924804,-9389036.953230662,-42.02100021469737,0.6,auto,500,0.8,"{'n_estimators': 500, 'max_features': 'auto', 'learning_rate': 0.6, 'subsample': 0.8}",44,-7158974.203890345,-42.805456113681075,-7540476.952130787,-48.193855255083875,-9010449.503375802,-24.48908801923865,-12712464.03345533,-45.85905163483805,-10522820.07330104,-48.75755005064521,0.05640102609721991,6.184929034077058e-06,2042758.6309584624,9.013314573809154
4,5.736366319656372,0.009374427795410156,-8447112.527543722,-18.982180721922298,0.6,auto,500,0.9,"{'n_estimators': 500, 'max_features': 'auto', 'learning_rate': 0.6, 'subsample': 0.9}",22,-7865864.880707736,-19.42695310698023,-5724741.110091039,-22.571055896862855,-8541488.323935969,-17.370909709984463,-12453339.507614756,-17.505515876144926,-7650128.815369111,-18.036469019639036,0.041092391505117724,0.007654188456987886,2211022.3610710534,1.9364375259902462
5,5.135846328735352,0.012505435943603515,-8490864.9404146,-20.154037213366138,0.6,auto,500,1,"{'n_estimators': 500, 'max_features': 'auto', 'learning_rate': 0.6, 'subsample': 1}",23,-7633960.213778907,-12.645140915019265,-7939273.713385287,-26.32961355124216,-7819005.667367602,-17.198349826999266,-12110173.70263615,-26.82686147571787,-6951911.404905052,-17.77022029785212,0.046023361450149194,0.006252718634535154,1841613.8235686962,5.540153813263861
6,0.3014347553253174,0.0031233787536621093,-8656934.98460146,-522460.9489608578,0.6,sqrt,100,0.8,"{'n_estimators': 100, 'max_features': 'sqrt', 'learning_rate': 0.6, 'subsample': 0.8}",29,-6493786.206289032,-490478.78710551036,-7523923.8708728505,-598182.016187577,-7834622.2307070615,-507697.8800886197,-8412696.679294141,-566642.8562746656,-13019645.935844216,-449303.2051479166,0.009573167160494776,0.006246757507324219,2268568.9004320474,53438.90589281793
7,0.29573955535888674,0.006248903274536133,-7626130.684063499,-415901.16629863,0.6,sqrt,100,0.9,"{'n_estimators': 100, 'max_features': 'sqrt', 'learning_rate': 0.6, 'subsample': 0.9}",9,-6538859.736919174,-408520.6323761069,-5888194.261901852,-456680.55114580895,-6783345.914287584,-361115.98797469604,-10594141.71357972,-449492.5632788774,-8326111.793629166,-403696.09671766043,0.0023034370773556993,0.007653312594191822,1685937.7398483674,34630.02150747807
8,0.22500715255737305,0.01562662124633789,-7997677.5900641335,-409767.6120497704,0.6,sqrt,100,1,"{'n_estimators': 100, 'max_features': 'sqrt', 'learning_rate': 0.6, 'subsample': 1}",11,-6410343.78121675,-355781.69097252237,-6091728.815752428,-450460.64037338557,-7369798.244926095,-435791.49038082914,-11118869.399114441,-424431.1002363151,-8997647.709310954,-382373.13828580023,0.012503696536654452,7.236936672487475e-06,1859477.3658923863,35250.87105504468
9,1.3073594093322753,0.012498283386230468,-8227461.05840734,-4351.9408671285355,0.6,sqrt,500,0.8,"{'n_estimators': 500, 'max_features': 'sqrt', 'learning_rate': 0.6, 'subsample': 0.8}",18,-7021430.692661936,-4544.121365143627,-6750436.723503709,-5050.782143553043,-8509988.475098467,-3122.879834671845,-10462611.15724802,-4992.844773095244,-8392838.243524564,-4049.0762191789177,0.007751539424582975,0.006249145142391877,1322057.2943624242,712.5150253316066
10,1.2593754291534425,0.012501335144042969,-8027383.030902562,-3093.736509014586,0.6,sqrt,500,0.9,"{'n_estimators': 500, 'max_features': 'sqrt', 'learning_rate': 0.6, 'subsample': 0.9}",12,-6941058.1175019005,-2333.2383292720383,-8468897.567325465,-3408.4292101573046,-9056841.985176327,-2618.146028921863,-8595385.947162986,-4075.490661809051,-7074731.537346134,-3033.3783149126707,0.009909780102354713,0.006250670563938766,856153.5870318781,611.7286343508006
11,0.9503555297851562,0.014299821853637696,-8243985.511390853,-3269.456766482808,0.6,sqrt,500,1,"{'n_estimators': 500, 'max_features': 'sqrt', 'learning_rate': 0.6, 'subsample': 1}",19,-7421531.165581012,-3291.6268251103616,-7406155.536855793,-3180.1341111070233,-8280416.228209566,-2557.0428319042894,-8825878.21000687,-2928.461715385555,-9285946.416301021,-4390.018348906812,0.011250630472744227,0.002643211636460583,748865.682798015,614.4818219153408
12,0.26876301765441896,0.006249094009399414,-7175942.7643975755,-688317.0752136533,0.6,log2,100,0.8,"{'n_estimators': 100, 'max_features': 'log2', 'learning_rate': 0.6, 'subsample': 0.8}",3,-6794562.913234618,-619110.8795243932,-7302197.267435167,-698946.568882611,-7387679.844097116,-691510.6622612372,-7260882.570933701,-723988.7036940618,-7134391.2262872765,-708028.5617059628,0.006251359932251645,0.007653546347238744,207443.8152289746,36259.317240813725
13,0.25795984268188477,0.0031249523162841797,-7207698.276882925,-586450.8910233659,0.6,log2,100,0.9,"{'n_estimators': 100, 'max_features': 'log2', 'learning_rate': 0.6, 'subsample': 0.9}",4,-6869792.962102621,-532214.5767690163,-5229205.308559553,-591857.8017185992,-8461669.077118283,-618332.8976813034,-7525890.572479526,-627153.1184516265,-7951933.464154647,-562696.060496284,0.006991007454029992,0.006249904632568359,1118587.4616010245,35237.020608138235
14,0.19287619590759278,0.006249618530273437,-7243790.087760323,-566584.810967545,0.6,log2,100,1,"{'n_estimators': 100, 'max_features': 'log2', 'learning_rate': 0.6, 'subsample': 1}",5,-5969488.338547505,-551258.8006905566,-6441965.903094633,-630051.1828168363,-5922251.895387432,-514166.2317403814,-9279659.920637155,-595135.018688296,-8605584.381134892,-542312.8209016549,0.006714848595315282,0.0076541882490473905,1415095.7450962346,41023.93998039191
15,1.053757905960083,0.012502193450927734,-8866645.692098426,-11444.394486753978,0.6,log2,500,0.8,"{'n_estimators': 500, 'max_features': 'log2', 'learning_rate': 0.6, 'subsample': 0.8}",34,-6644843.056545265,-9080.408845506885,-8078532.510129872,-11946.212843318472,-7680266.108331988,-11167.22904794304,-11023645.607555868,-15469.185491048363,-10905941.177929137,-9558.936205953123,0.13281591415754032,0.006251099468927368,1776310.8156814408,2265.8758135594417
16,1.0973150253295898,0.012498807907104493,-7027187.1707184035,-8303.542667795196,0.6,log2,500,0.9,"{'n_estimators': 500, 'max_features': 'log2', 'learning_rate': 0.6, 'subsample': 0.9}",1,-7061952.894511733,-7988.53724434799,-4969006.995660696,-9428.199115162392,-6782777.656857679,-8430.668539414462,-7523889.986683681,-7616.587538160173,-8798308.31987823,-8053.720901890966,0.0063499142526188,0.0062494048619966495,1239405.8343743703,618.7988030841839
17,0.7969478130340576,0.009375,-8151729.137510823,-7793.807860434439,0.6,log2,500,1,"{'n_estimators': 500, 'max_features': 'log2', 'learning_rate': 0.6, 'subsample': 1}",15,-7390374.2360692,-8279.604997732953,-6551974.724265895,-6928.596456452284,-6440510.549000046,-8741.03380091492,-11845565.752397956,-8078.89569738247,-8530220.425821017,-6940.90834968957,0.013422453939654614,0.007654657497256464,1992728.236319151,733.5583500597453
18,1.1878944396972657,0.009377861022949218,-10630895.487041349,-138555.17477231004,0.7,auto,100,0.8,"{'n_estimators': 100, 'max_features': 'auto', 'learning_rate': 0.7, 'subsample': 0.8}",59,-7389228.398395027,-123326.2351721392,-7564385.520955202,-160682.8619949908,-9815025.859207742,-124042.4907136539,-18002132.072526455,-143190.21249177266,-10383705.584122326,-141534.07348899372,0.032060669071332704,0.007656992303504089,3872305.8707348774,13874.657141579486
19,1.1367337703704834,0.006250905990600586,-10034103.963525262,-116302.83800418329,0.7,auto,100,0.9,"{'n_estimators': 100, 'max_features': 'auto', 'learning_rate': 0.7, 'subsample': 0.9}",54,-7306661.578858584,-136710.6562304021,-8372092.374421985,-108768.77767230604,-8841997.939496307,-106641.7083533757,-16925362.6450965,-117239.03253339801,-8724405.279752932,-112154.0152314346,0.004854346059606891,0.007655765071730074,3487896.160011702,10813.581521075042
20,1.054399347305298,0.0031272411346435548,-9494762.856287962,-83522.19685123525,0.7,auto,100,1,"{'n_estimators': 100, 'max_features': 'auto', 'learning_rate': 0.7, 'subsample': 1}",45,-7721272.595607704,-69856.66505645995,-5828126.472012107,-104891.92157799825,-9267891.620888097,-74549.50322666162,-16554023.41461619,-90167.70661022696,-8102500.178315711,-78145.1877848294,0.01730312226558925,0.0062544822692871095,3698986.770225547,12625.340799116431
21,5.910483884811401,0.006249856948852539,-8847120.022064392,-12.578349474142424,0.7,auto,500,0.8,"{'n_estimators': 500, 'max_features': 'auto', 'learning_rate': 0.7, 'subsample': 0.8}",33,-6883496.46018846,-10.05680513127108,-7219544.440131524,-11.660053059433517,-9146660.65595638,-16.72407382094618,-8843228.304377582,-12.579066597551792,-12142670.249668019,-11.871748761509547,0.04599750114200605,0.00765448093158698,1868433.0765181675,2.2310432366663995
22,6.291718149185181,0.01249833106994629,-10022430.660463858,-5.146572066941739,0.7,auto,500,0.9,"{'n_estimators': 500, 'max_features': 'auto', 'learning_rate': 0.7, 'subsample': 0.9}",53,-7438544.535384848,-5.34921195572595,-7438132.148953221,-3.3904921541105804,-7938272.512578849,-3.822448988444435,-20090555.304938175,-4.337463989971763,-7206648.800464194,-8.83324324645597,0.4494522854215342,0.006249166394332942,5039732.985568613,1.9557291109897428
23,5.797308397293091,0.013981962203979492,-9249494.2135751,-3.5699032963354456,0.7,auto,500,1,"{'n_estimators': 500, 'max_features': 'auto', 'learning_rate': 0.7, 'subsample': 1}",39,-7258057.779034529,-4.3432437520134535,-5984003.678239199,-3.697629941489247,-8149200.312569457,-3.239525477542187,-16593132.033017658,-3.4508077661716174,-8263077.265014658,-3.118309544460723,0.310623456036191,0.002561737923630052,3761434.0083890497,0.4339676765516982
24,0.44390459060668946,0.0056054115295410155,-8646422.272793744,-458626.51828672236,0.7,sqrt,100,0.8,"{'n_estimators': 100, 'max_features': 'sqrt', 'learning_rate': 0.7, 'subsample': 0.8}",28,-7873032.673840518,-492610.5393224384,-8984036.375684028,-485281.43880312535,-7728199.128719717,-467582.1320153229,-8549475.080828583,-400703.74163388513,-10097368.104895864,-446954.7396588398,0.06394917305510707,0.007424198707299739,856725.2841228717,32975.38464449024
25,0.3144796848297119,0.0031264305114746095,-8183509.226298802,-389344.0681217028,0.7,sqrt,100,0.9,"{'n_estimators': 100, 'max_features': 'sqrt', 'learning_rate': 0.7, 'subsample': 0.9}",17,-7271309.679325338,-399233.119075294,-6582500.091554458,-429582.87374908687,-8875680.78786199,-376996.38846814586,-11094323.999968901,-366997.5114508623,-7093731.57278332,-373910.44786512526,0.011799085536567215,0.006252861022949218,1645290.1090317213,22834.120211540056
26,0.24063506126403808,0.0,-7455580.969733682,-345961.7085295839,0.7,sqrt,100,1,"{'n_estimators': 100, 'max_features': 'sqrt', 'learning_rate': 0.7, 'subsample': 1}",8,-7255510.9048069045,-310653.42126476654,-6842702.06649704,-364758.7599942474,-6650515.593622928,-449069.0954966428,-8344753.8306197785,-344892.2486860331,-8184422.45312176,-260435.01720622956,0.0076569537430853235,0.0,690741.2142283685,62525.34880125373
27,1.328890037536621,0.006253337860107422,-9280185.09958014,-2084.1233700656376,0.7,sqrt,500,0.8,"{'n_estimators': 500, 'max_features': 'sqrt', 'learning_rate': 0.7, 'subsample': 0.8}",40,-8160859.36552791,-1835.689730066037,-10169244.956207946,-2439.069263791344,-7971704.770840168,-1761.4377524146205,-10691230.126487445,-2203.684484690054,-9407886.278837241,-2180.735619366132,0.009086566459473033,0.007658743510355565,1073572.9092541013,251.18147051092112
28,1.2800508499145509,0.009376335144042968,-8502155.564666178,-1901.3200364821082,0.7,sqrt,500,0.9,"{'n_estimators': 500, 'max_features': 'sqrt', 'learning_rate': 0.7, 'subsample': 0.9}",24,-7324990.610168905,-1495.3334245801066,-10155115.579641927,-1908.299016203676,-7015025.965743607,-1986.186012494535,-8903714.086767606,-1730.851177537221,-9111931.581008846,-2385.930551595002,0.013573415666720727,0.007655747066285609,1171548.0888103417,295.29072193826823
29,0.9739924430847168,0.011373472213745118,-8116569.436013567,-1603.159197639783,0.7,sqrt,500,1,"{'n_estimators': 500, 'max_features': 'sqrt', 'learning_rate': 0.7, 'subsample': 1}",13,-7457103.371370617,-1473.6404929439325,-8244804.3522938145,-1082.4660827310506,-8183118.726547093,-1986.1103246733212,-9144505.53166524,-1706.881950412568,-7553315.198191071,-1766.6971374380437,0.007544806791246555,0.006089268418248068,604925.8542016834,307.2624440675854
30,0.27411231994628904,0.0031251430511474608,-9209629.693708222,-606419.8107340636,0.7,log2,100,0.8,"{'n_estimators': 100, 'max_features': 'log2', 'learning_rate': 0.7, 'subsample': 0.8}",36,-7629515.890210647,-629342.3811524775,-8034967.911626997,-659043.1136046579,-10131545.825513015,-585207.4318772183,-10901808.290148335,-604140.9647438121,-9350310.551042113,-554365.1622921523,0.007594877258571551,0.0062502861022949215,1233675.7105688634,35943.01272798942
31,0.2656387805938721,0.006249475479125977,-7371702.796381307,-494939.35259475035,0.7,log2,100,0.9,"{'n_estimators': 100, 'max_features': 'log2', 'learning_rate': 0.7, 'subsample': 0.9}",6,-7634949.548930078,-413883.9167343953,-6353430.826780033,-496606.05489794235,-7214222.253946876,-486755.27898024785,-7048037.203987744,-508904.8722790807,-8607874.1482618,-568546.6400820856,0.009882194418412241,0.00765401502076872,743485.8176129652,49503.14970040559
32,0.2031320095062256,0.0031266212463378906,-7163263.293555426,-460608.3203547299,0.7,log2,100,1,"{'n_estimators': 100, 'max_features': 'log2', 'learning_rate': 0.7, 'subsample': 1}",2,-7792608.016451896,-408563.2744722253,-6233036.430493954,-519413.086560935,-7329908.216775167,-470054.8579617092,-7107089.968766839,-472080.1872633493,-7353673.835289278,-432930.195515431,0.00987653943638055,0.006253242492675781,515476.27380024357,37824.87733549818
33,1.1503423213958741,0.0062525272369384766,-8744710.258343758,-6985.236025740285,0.7,log2,500,0.8,"{'n_estimators': 500, 'max_features': 'log2', 'learning_rate': 0.7, 'subsample': 0.8}",31,-9184627.79937433,-5767.626839205636,-8161227.647152943,-6392.147228169212,-7513828.419031742,-5998.532986567742,-9135858.407642562,-8578.100823384138,-9728009.018517204,-8189.772251374692,0.021220163159536634,0.007657751290579041,796105.8760334688,1165.850343988351
34,1.1237746238708497,0.009376907348632812,-8251004.927076493,-5320.569756937022,0.7,log2,500,0.9,"{'n_estimators': 500, 'max_features': 'log2', 'learning_rate': 0.7, 'subsample': 0.9}",20,-6884301.177316892,-6142.733000104589,-5953448.0399560165,-4266.689824314941,-7826307.395704459,-6643.589739526743,-11504779.441495383,-4405.957197809583,-9086188.580909714,-5143.879022929256,0.012654994593716213,0.007656213635235802,1929331.236912277,938.5875488124576
35,0.8152461528778077,0.009375429153442383,-7377337.567658279,-5092.525869085337,0.7,log2,500,1,"{'n_estimators': 500, 'max_features': 'log2', 'learning_rate': 0.7, 'subsample': 1}",7,-7184612.9075702885,-5504.704732295733,-7460883.946329471,-4542.242144188858,-6472947.94228318,-4705.227523787496,-7048538.359213229,-5126.735103661482,-8719704.682895228,-5583.719841493115,0.02914288655552645,0.007655007993044182,744594.0878122624,415.96764097555064
36,1.1867826461791993,0.0031248092651367187,-12024073.985099763,-134590.33406825195,0.8,auto,100,0.8,"{'n_estimators': 100, 'max_features': 'auto', 'learning_rate': 0.8, 'subsample': 0.8}",76,-9581397.94888925,-148404.90330849777,-8282434.299940329,-160138.62678114197,-11512937.98606985,-108855.88181922413,-17206230.24480648,-144171.13183435742,-13537369.445792908,-111381.12659803845,0.010102057053379727,0.006249618530273437,3142374.9111878225,20670.16503864918
37,1.1783889293670655,0.006247711181640625,-9220619.475329267,-81431.15968425167,0.8,auto,100,0.9,"{'n_estimators': 100, 'max_features': 'auto', 'learning_rate': 0.8, 'subsample': 0.9}",37,-6462910.537672393,-71395.449567921,-5554136.270346679,-81540.54570482686,-6826374.263407712,-78904.30102963264,-17236718.06460846,-94128.81945501402,-10022958.240611095,-81186.68266386389,0.03889212217856574,0.0076518524074251065,4282103.499435274,7326.701715894765
38,1.0522761821746827,0.003125429153442383,-11187516.364808625,-67254.90134070939,0.8,auto,100,1,"{'n_estimators': 100, 'max_features': 'auto', 'learning_rate': 0.8, 'subsample': 1}",67,-9565282.55113867,-72780.55897039706,-7022800.217064803,-65465.893422010166,-10283495.226095444,-69517.63599887448,-19060703.556243997,-64379.0613447156,-10005300.273500212,-64131.35696754961,0.013331489480733575,0.006250858306884766,4103132.1888202224,3372.844343891704
39,5.865021514892578,0.0031248092651367187,-11363835.207473801,-5.964133163999774,0.8,auto,500,0.8,"{'n_estimators': 500, 'max_features': 'auto', 'learning_rate': 0.8, 'subsample': 0.8}",69,-7844616.012100807,-9.472001389009131,-9724628.093301406,-6.702396921324755,-9436676.56596995,-4.188691631779596,-18336395.15820215,-5.069315230286076,-11476860.20779469,-4.388260647599309,0.12934218310140133,0.006249618530273437,3671926.226245744,1.96399790306325
40,5.685542201995849,0.01562504768371582,-11111773.785097467,-1.3431198628060286,0.8,auto,500,0.9,"{'n_estimators': 500, 'max_features': 'auto', 'learning_rate': 0.8, 'subsample': 0.9}",66,-7145055.091285394,-1.1414871366879102,-7499720.970072521,-1.6863630240841503,-9418637.1964787,-1.3407913063364842,-23717984.259663295,-0.9812426059063788,-7777471.407987432,-1.5657152410152182,0.20410349007962098,6.138803871110502e-06,6351103.984554846,0.26037699500630307
41,5.15131950378418,0.01562666893005371,-11957383.054268705,-0.9349010988471044,0.8,auto,500,1,"{'n_estimators': 500, 'max_features': 'auto', 'learning_rate': 0.8, 'subsample': 1}",75,-11843634.816892885,-0.9425600559999335,-6846706.635215458,-1.2181499489058327,-10134554.36323034,-0.7037370928366059,-20651108.102177456,-0.6705563540947679,-10310911.353827389,-1.139502042398382,0.06854445876191677,4.409132482744915e-06,4642119.792242242,0.22156942864002407
42,0.30939087867736814,0.0,-9315775.14799115,-488578.53172842925,0.8,sqrt,100,0.8,"{'n_estimators': 100, 'max_features': 'sqrt', 'learning_rate': 0.8, 'subsample': 0.8}",42,-8501279.007860834,-398608.8686020933,-8417499.922541833,-611299.2842019919,-10965685.965068044,-489587.90051496134,-9695099.015226636,-508557.05519777647,-8999311.8292584,-434839.55012532306,0.006254363873200202,0.0,941970.6657437249,72722.70861270951
43,0.28751020431518554,0.006248331069946289,-8798109.982626071,-340635.3516703864,0.8,sqrt,100,0.9,"{'n_estimators': 100, 'max_features': 'sqrt', 'learning_rate': 0.8, 'subsample': 0.9}",32,-8072459.259904867,-318094.1726540768,-10307345.640472183,-338765.5118098463,-6954560.521053926,-347794.40720801265,-9551893.398725197,-350266.1972053219,-9104291.092974188,-348256.46947467444,0.007650898667584033,0.007652611837126754,1171748.4516979752,11947.282126448845
44,0.23126401901245117,0.00624847412109375,-8567769.91246198,-289419.83852344274,0.8,sqrt,100,1,"{'n_estimators': 100, 'max_features': 'sqrt', 'learning_rate': 0.8, 'subsample': 1}",25,-7232269.828256445,-292649.8935845096,-7117320.826986912,-317531.214600059,-9693957.674008539,-258664.57954398438,-8163489.057297749,-261838.8956076961,-10631812.175760254,-316414.60928096494,0.011695025312870594,0.007652787063159845,1384151.3915218585,25440.105093670034
45,1.3104392528533935,0.006248998641967774,-9987774.589655193,-1539.3382745943359,0.8,sqrt,500,0.8,"{'n_estimators': 500, 'max_features': 'sqrt', 'learning_rate': 0.8, 'subsample': 0.8}",51,-9388826.086458636,-1378.14089424124,-7065265.92434849,-1801.1091655573875,-10428250.931976873,-1338.6432841869014,-11980706.697463386,-2039.7926591561743,-11075823.308028573,-1139.005369829977,0.0067071327990403185,0.00765342917214369,1688161.36766045,330.30534347090673
46,1.262982177734375,0.009373855590820313,-8576506.111375991,-970.9304284064341,0.8,sqrt,500,0.9,"{'n_estimators': 500, 'max_features': 'sqrt', 'learning_rate': 0.8, 'subsample': 0.9}",26,-7449452.160236854,-1019.1811474184816,-6679605.3299503485,-1265.5710450672807,-9215705.805683276,-864.0799676088649,-9813092.847197948,-701.5859456265089,-9724674.413811537,-1004.2340363110342,0.0023543709278979878,0.007653723643885643,1274715.3908604542,186.66216892962814
47,0.9527387619018555,0.00825037956237793,-8582729.13195693,-1016.4888760603744,0.8,sqrt,500,1,"{'n_estimators': 500, 'max_features': 'sqrt', 'learning_rate': 0.8, 'subsample': 1}",27,-7397622.986015165,-888.6262533949537,-7473744.626888489,-1054.4366622223872,-7239950.178231997,-1061.008463401948,-11624959.082809238,-986.0656206195863,-9177368.785839753,-1092.3073806629973,0.009201323721267658,0.007042721346776701,1676075.0532139177,72.72537180150404
48,0.2717092514038086,0.0031238079071044924,-9847305.981125375,-633984.179245404,0.8,log2,100,0.8,"{'n_estimators': 100, 'max_features': 'log2', 'learning_rate': 0.8, 'subsample': 0.8}",50,-8342228.685717637,-630485.8730491375,-8164219.256654983,-744751.8846364632,-9519981.693321401,-622217.6144422675,-13310597.140187636,-598278.800258018,-9899503.129745219,-574186.7238411334,0.006776289919947438,0.006247615814208985,1854847.1619726291,58772.07587378268
49,0.2573249816894531,0.006251716613769531,-9221570.903141195,-472724.0761783711,0.8,log2,100,0.9,"{'n_estimators': 100, 'max_features': 'log2', 'learning_rate': 0.8, 'subsample': 0.9}",38,-6537550.917097074,-474395.4728236796,-10827073.411284376,-511402.1664004426,-8427640.513148503,-457517.59609112603,-10771491.391567374,-434699.43617335067,-9544098.28260865,-485605.7094032564,0.009113780507008416,0.007656758289212359,1607370.802536967,25852.794776071318
50,0.19688587188720702,0.0031251430511474608,-8120487.706741584,-439494.74292266637,0.8,log2,100,1,"{'n_estimators': 100, 'max_features': 'log2', 'learning_rate': 0.8, 'subsample': 1}",14,-7933022.43239762,-421144.6707191798,-6370222.215221378,-482655.91900122305,-8485808.770144757,-483691.57427790895,-9093284.354082763,-438559.4555068958,-8720100.761861408,-371422.0951081243,0.007658666148371992,0.0062502861022949215,952670.051193562,41923.101782272446
51,1.1341793060302734,0.006248855590820312,-11578157.89542885,-5842.320256703244,0.8,log2,500,0.8,"{'n_estimators': 500, 'max_features': 'log2', 'learning_rate': 0.8, 'subsample': 0.8}",72,-7823692.270907665,-4900.675306449708,-12394796.844757777,-4547.9888112444205,-10266548.14775088,-6272.83806858731,-10661165.609300919,-6046.687158309413,-16744586.604427015,-7443.411938925373,0.007981545246210637,0.007653254492016354,2967021.80266525,1034.6588901414752
52,1.1055140018463134,0.01249837875366211,-9288431.026168773,-3514.1694891545185,0.8,log2,500,0.9,"{'n_estimators': 500, 'max_features': 'log2', 'learning_rate': 0.8, 'subsample': 0.9}",41,-9190640.618950238,-3310.3647370198278,-7838732.520794231,-3090.027243751166,-6828030.553308041,-3307.7549142936628,-11097755.53399055,-4757.00783749899,-11486995.903800812,-3105.6927132089477,0.012258603033429679,0.00624919195740169,1804001.214126208,628.5762379609922
53,0.7952740669250489,0.006251335144042969,-8164213.898039881,-3463.030383150047,0.8,log2,500,1,"{'n_estimators': 500, 'max_features': 'log2', 'learning_rate': 0.8, 'subsample': 1}",16,-7209480.130815284,-3158.414712878572,-8019452.043520155,-3766.7928258657735,-7898502.579617662,-2964.669677402401,-8652898.22639973,-3350.170214107878,-9040736.509846566,-4075.10448549561,0.0032823346383506757,0.007656291442518859,634062.9822554641,405.166100687412
54,1.1880253791809081,0.0,-10658175.635914821,-119163.37733317663,0.9,auto,100,0.8,"{'n_estimators': 100, 'max_features': 'auto', 'learning_rate': 0.9, 'subsample': 0.8}",60,-8597836.791178068,-104506.7776536289,-9744863.236196117,-107833.40936975706,-11043136.504232094,-106541.77903088267,-10779055.499765493,-173092.29555703915,-13125986.148202335,-103842.62505457531,0.025515387524467154,0.0,1505458.8158291162,27002.009195989176
55,1.1592546939849853,0.003925943374633789,-11865176.5518927,-77776.63810487567,0.9,auto,100,0.9,"{'n_estimators': 100, 'max_features': 'auto', 'learning_rate': 0.9, 'subsample': 0.9}",74,-8934197.231379446,-70628.0407741527,-8226781.876656606,-87662.00685267943,-7977056.909871607,-70807.48823334144,-21139052.462852124,-92767.41251672212,-13048794.278703723,-67018.24214748268,0.0161457822935053,0.006052397218760789,4987018.252940884,10371.676914093501
56,1.0630988597869873,0.006248044967651367,-12967350.343126722,-52286.01484934118,0.9,auto,100,1,"{'n_estimators': 100, 'max_features': 'auto', 'learning_rate': 0.9, 'subsample': 1}",83,-9401014.710416527,-57225.61008763491,-8533968.13549997,-43502.3123004051,-10073762.750991942,-60156.05565522637,-26321124.546719756,-53897.71363998461,-10506881.572005419,-46648.3825634549,0.021934366080293533,0.007652261060439722,6710047.225640162,6290.803520303065
57,5.7743161678314205,0.0031264305114746095,-12318367.766229821,-2.5072357153968157,0.9,auto,500,0.8,"{'n_estimators': 500, 'max_features': 'auto', 'learning_rate': 0.9, 'subsample': 0.8}",77,-8721007.89023013,-1.5237790164872542,-10569591.397483744,-2.022662902507436,-13091757.109130984,-3.865574476198843,-16304367.757881332,-2.6162286457257324,-12905114.67642293,-2.5079335360648134,0.20299312527634283,0.006252861022949218,2562413.5423899605,0.782171595563809
58,5.744200325012207,0.009375953674316406,-12533409.70608275,-0.45420257056414515,0.9,auto,500,0.9,"{'n_estimators': 500, 'max_features': 'auto', 'learning_rate': 0.9, 'subsample': 0.9}",80,-11336429.250323415,-0.6512613806580592,-11003459.799912306,-0.5854498905362011,-10622285.931272753,-0.3788797047768192,-18087615.214692395,-0.2840419013640172,-11617258.334212882,-0.37137997548562923,0.05818029278243481,0.007655436034222227,2796942.4440825935,0.13967519704232903
59,5.173806047439575,0.012502717971801757,-12900886.694984596,-0.2303973241328398,0.9,auto,500,1,"{'n_estimators': 500, 'max_features': 'auto', 'learning_rate': 0.9, 'subsample': 1}",82,-9476541.185464013,-0.2548278465016949,-8317858.111668918,-0.17358110093694065,-10110384.636668453,-0.1677391922441713,-25653778.015774373,-0.2475792399505115,-10945871.525347225,-0.30825924103088076,0.023392749373793733,0.006251359941344614,6433902.645438714,0.053119998997443754
60,0.300943660736084,0.006253671646118164,-10787905.683854576,-448840.45306014706,0.9,sqrt,100,0.8,"{'n_estimators': 100, 'max_features': 'sqrt', 'learning_rate': 0.9, 'subsample': 0.8}",62,-8495352.720020268,-452034.8299931511,-11556620.316337677,-449619.0637905377,-10632743.043650694,-514195.2433337849,-10168159.29398057,-422174.76271088846,-13086653.04528367,-406178.3654723735,0.006280069209494812,0.007659152383192816,1519152.509956339,36913.87719955785
61,0.31683874130249023,0.0062500953674316405,-9496260.984692551,-358363.29085930175,0.9,sqrt,100,0.9,"{'n_estimators': 100, 'max_features': 'sqrt', 'learning_rate': 0.9, 'subsample': 0.9}",46,-8064433.125532028,-386410.66070985986,-8466819.781166969,-357397.3390774064,-8411770.43956463,-302233.16754388495,-10692693.828039026,-394958.2270225593,-11845587.749160103,-350817.0599427982,0.026423649613015788,0.0076547722469702305,1499118.9243777804,32662.864894619794
62,0.2343918800354004,0.0031233310699462892,-10018150.931313694,-289496.5650422451,0.9,sqrt,100,1,"{'n_estimators': 100, 'max_features': 'sqrt', 'learning_rate': 0.9, 'subsample': 1}",52,-8945986.613574699,-284974.6887601365,-9113872.012180172,-285965.0579834807,-9157073.69270455,-247105.6641233606,-10023176.067186737,-330201.7994730501,-12850646.27092231,-299235.61487119755,0.009879781187080543,0.0062466621398925785,1465043.7399318723,26764.426351293594
63,1.28353910446167,0.0062481403350830075,-10970382.204645978,-1718.719628098012,0.9,sqrt,500,0.8,"{'n_estimators': 500, 'max_features': 'sqrt', 'learning_rate': 0.9, 'subsample': 0.8}",64,-8726937.272933405,-2252.5851926268415,-8100551.705626259,-1126.6731534465434,-11735284.448158238,-1490.3415731465898,-13127854.911182845,-2089.1867933523918,-13161282.68532915,-1634.8114279176941,0.023762925558662218,0.007652377938465376,2159110.0524322498,407.9153127082701
64,1.2594833850860596,0.013859748840332031,-10187146.247295266,-867.5158003130266,0.9,sqrt,500,0.9,"{'n_estimators': 500, 'max_features': 'sqrt', 'learning_rate': 0.9, 'subsample': 0.9}",56,-9554593.439673824,-833.8899206197804,-8620802.261285013,-638.2327087777991,-9342378.986561317,-828.3908307592128,-11831917.775629634,-866.3988801554208,-11586038.773326535,-1170.6666612529193,0.014747904975596662,0.007415417179341181,1282915.5811317994,171.54235109203773
65,0.9540402889251709,0.012500524520874023,-8379698.99788923,-449.2362187151527,0.9,sqrt,500,1,"{'n_estimators': 500, 'max_features': 'sqrt', 'learning_rate': 0.9, 'subsample': 1}",21,-7526038.282613247,-368.8277412518618,-9129311.114133747,-563.0788473113788,-7999010.0823841905,-465.87887573273855,-9274628.639687877,-376.36407204069883,-7969506.870627088,-472.03155723908554,0.012422721464180981,0.006250265727966471,693503.5165090638,71.45995044167279
66,0.2656386375427246,0.006250810623168945,-12381831.030730214,-630738.0551079338,0.9,log2,100,0.8,"{'n_estimators': 100, 'max_features': 'log2', 'learning_rate': 0.9, 'subsample': 0.8}",78,-12650848.270608043,-602637.4524004259,-6656727.636070346,-619965.8913531476,-10215146.457973665,-627251.4160372112,-8746790.621097418,-648168.3001706277,-23639642.16790159,-655667.2155782571,5.6929644033384135e-06,0.00765564825313748,5958112.647015025,19199.565209635934
67,0.2625129699707031,0.0,-11545202.313723998,-482616.88335648534,0.9,log2,100,0.9,"{'n_estimators': 100, 'max_features': 'log2', 'learning_rate': 0.9, 'subsample': 0.9}",71,-15213896.71110228,-431050.6009616267,-11528850.233861215,-558169.8905218841,-10717224.31514331,-463636.18048791843,-10601661.23727899,-469279.44663984136,-9664379.071234202,-490948.298171156,0.0062504057615277815,0.0,1927324.5378209222,42367.21643943705
68,0.19688138961791993,0.003126382827758789,-9820820.06630696,-397224.056453671,0.9,log2,100,1,"{'n_estimators': 100, 'max_features': 'log2', 'learning_rate': 0.9, 'subsample': 1}",49,-6951059.643450783,-384376.32797717536,-11722019.54321991,-374452.9376029678,-10966670.350082355,-425591.62012487254,-7512478.914217931,-370613.64746186556,-11951871.88056382,-431085.74910147383,0.007655007881659413,0.006252765655517578,2146293.45234565,25857.4350817853
69,1.1239808559417725,0.009377193450927735,-10505343.812246012,-5353.534679548663,0.9,log2,500,0.8,"{'n_estimators': 500, 'max_features': 'log2', 'learning_rate': 0.9, 'subsample': 0.8}",58,-9879108.70157824,-4981.1666424234445,-8545627.696509978,-6005.592361160848,-11778669.636151528,-5527.870779571391,-11097160.170443218,-5414.380394154202,-11226152.856547099,-4838.66322043343,0.009563205989492186,0.007656447045209819,1159640.3409772632,415.4575962454863
70,1.0311471939086914,0.009374475479125977,-10349316.571631832,-2712.4931269630183,0.9,log2,500,0.9,"{'n_estimators': 500, 'max_features': 'log2', 'learning_rate': 0.9, 'subsample': 0.9}",57,-8480233.213185456,-2899.4580652013474,-11726943.121130118,-2424.507312475933,-8771795.452473106,-2788.3374218114463,-12694076.572980411,-2154.7028941660883,-10073534.498390066,-3295.4599411602753,0.0930028270104394,0.0076542280802434975,1640357.010406043,393.6049605368967
71,0.8055449485778808,0.009374332427978516,-9746509.79226322,-2280.3030333740785,0.9,log2,500,1,"{'n_estimators': 500, 'max_features': 'log2', 'learning_rate': 0.9, 'subsample': 1}",48,-7381505.561882639,-1733.4684395307609,-8988313.131960219,-2420.45546267259,-8920766.090139735,-2402.7520570683373,-12862596.226839505,-2540.1906284257125,-10579367.950494003,-2304.6485791729915,0.006176398145864419,0.007654113248997627,1857611.758494825,283.4779735809139
72,1.1744499206542969,0.0031233310699462892,-14881144.38032011,-134060.4903974565,1,auto,100,0.8,"{'n_estimators': 100, 'max_features': 'auto', 'learning_rate': 1, 'subsample': 0.8}",88,-9176112.54682634,-105761.22991945557,-9999687.714601493,-156090.31985517102,-20485828.723322693,-144704.7337909422,-17682005.82353766,-137076.01668883697,-17062087.093312364,-126670.15173287682,0.005378443733103758,0.0062466621398925785,4480844.338439375,17106.55986075917
73,1.1762134552001953,0.006251144409179688,-14766001.275399927,-60415.49276538779,1,auto,100,0.9,"{'n_estimators': 100, 'max_features': 'auto', 'learning_rate': 1, 'subsample': 0.9}",87,-12994725.584002709,-62465.416999885674,-11511656.491367362,-69867.00248854133,-13321777.34817254,-48658.88757593132,-26132926.070321616,-53661.982101395006,-9868920.883135404,-67424.17466118564,0.02079650076134845,0.007656057079229855,5813816.921128113,8080.625213434306
74,1.0693653583526612,0.009376430511474609,-12975728.261386273,-38868.28942578217,1,auto,100,1,"{'n_estimators': 100, 'max_features': 'auto', 'learning_rate': 1, 'subsample': 1}",84,-9891679.923074234,-43062.29210011465,-9572190.494370151,-39618.288553159546,-10334174.486773439,-44433.56101654168,-25199374.44125445,-32573.12004548654,-9881221.961459093,-34654.185413608415,0.011269467337339002,0.007655825188372574,6116644.913669854,4615.457402128642
75,5.886938571929932,0.012502956390380859,-19305848.29159988,-3.0683656811802993,1,auto,500,0.8,"{'n_estimators': 500, 'max_features': 'auto', 'learning_rate': 1, 'subsample': 0.8}",90,-9759962.442910558,-3.206450301166262,-18749466.789335355,-2.0168763836215735,-12147821.482192237,-4.650999691272435,-28093952.948133066,-3.08893249190851,-27778037.79542818,-2.378569537932716,0.02610959348643707,0.0062514794472683785,7637795.797995996,0.906164359043137
76,5.759521484375,0.008209514617919921,-15145233.817787452,-0.2772267271286983,1,auto,500,0.9,"{'n_estimators': 500, 'max_features': 'auto', 'learning_rate': 1, 'subsample': 0.9}",89,-10599661.438840775,-0.29251532661355567,-11349236.841839366,-0.3959101827331255,-14264210.146798091,-0.3116542543470531,-27806231.60497354,-0.1576994958799208,-11706829.05648548,-0.2283543760698365,0.07727295254075292,0.007033117648406955,6449364.562066074,0.08022471470414382
77,5.204256343841553,0.006252193450927734,-13486633.87622847,-0.07169636483991448,1,auto,500,1,"{'n_estimators': 500, 'max_features': 'auto', 'learning_rate': 1, 'subsample': 1}",86,-10248616.966786575,-0.08008504465225019,-8438244.099302836,-0.04816554038375079,-10388679.320392106,-0.09495803490721025,-26979052.896242153,-0.04469885006841957,-11378576.09841868,-0.0905743541879416,0.08555644769925631,0.00765734239994041,6812600.001201267,0.021215179605941194
78,0.30313868522644044,0.003126668930053711,-11346002.895369599,-442194.27086292347,1,sqrt,100,0.8,"{'n_estimators': 100, 'max_features': 'sqrt', 'learning_rate': 1, 'subsample': 0.8}",68,-11055097.249903625,-421129.6851414677,-9490358.373584047,-487964.1115132635,-12658493.91891315,-424588.1137432132,-11831345.021059614,-444000.5180671085,-11694719.913387565,-433288.92584956443,0.007656622816895013,0.006253337860107422,1059040.6895208275,24212.14386239924
79,0.29724555015563964,0.0,-9340846.66463882,-303341.98367962346,1,sqrt,100,0.9,"{'n_estimators': 100, 'max_features': 'sqrt', 'learning_rate': 1, 'subsample': 0.9}",43,-7259276.562812695,-293042.1192420483,-7658689.864258898,-297388.7273491188,-8706196.455194624,-331054.6014278799,-12157773.93645041,-285605.3979591463,-10922296.504477464,-309619.0724199238,0.0007075331284649259,0.0,1897441.9268494076,15896.578039965303
80,0.23438553810119628,0.0031251907348632812,-10663790.058162404,-246662.48994885516,1,sqrt,100,1,"{'n_estimators': 100, 'max_features': 'sqrt', 'learning_rate': 1, 'subsample': 1}",61,-7628663.449877206,-240037.64520024962,-9929807.139637424,-273764.8176234074,-6102583.152020543,-214316.16869768183,-14004140.235092862,-277475.84441572527,-15653756.314183988,-227717.97380721182,0.009882646148494902,0.0062503814697265625,3650014.669406052,25032.246152305244
81,1.3102728843688964,0.009375476837158203,-12554482.276317246,-1410.4443708282092,1,sqrt,500,0.8,"{'n_estimators': 500, 'max_features': 'sqrt', 'learning_rate': 1, 'subsample': 0.8}",81,-12290834.818222966,-1629.7694095098552,-10537014.868073417,-929.2514395051129,-12813323.331975954,-1550.6384887359256,-11123246.277764287,-1731.7253812644515,-16007992.085549608,-1210.8371351257006,0.010175775236112296,0.007655045712288804,1906926.841994637,297.445469508504
82,1.2708096027374267,0.006250572204589844,-11108529.998075046,-499.9303221899307,1,sqrt,500,0.9,"{'n_estimators': 500, 'max_features': 'sqrt', 'learning_rate': 1, 'subsample': 0.9}",65,-8176383.639267436,-432.32834753377233,-11858527.76872314,-433.72276473316975,-11044755.087765438,-579.5596910207325,-10947852.729963914,-406.3397691408814,-13515130.764655309,-647.7010385210972,0.015691392817270944,0.00765535796756648,1730987.613983601,95.80154513080365
83,0.957886028289795,0.012505006790161134,-11423095.441339908,-359.0800015011217,1,sqrt,500,1,"{'n_estimators': 500, 'max_features': 'sqrt', 'learning_rate': 1, 'subsample': 1}",70,-11212790.791353727,-391.8406598672591,-6114816.838527081,-232.14797351964313,-9241358.693880944,-334.4573786648361,-12571053.806401586,-581.9397390917097,-17975457.07653621,-255.01425636216084,0.007488406152880727,0.006252504106702469,3930223.312037283,125.12986531574667
84,0.26526594161987305,0.00625157356262207,-12466156.826861976,-646689.9028948925,1,log2,100,0.8,"{'n_estimators': 100, 'max_features': 'log2', 'learning_rate': 1, 'subsample': 0.8}",79,-10471259.543230046,-595553.1269110335,-10582216.43963343,-684684.9057733789,-13797905.531351658,-618262.5577236972,-13575094.809256645,-667748.9212820448,-13904307.810838103,-667200.0027843078,0.009911199255119482,0.007656583015677774,1587477.424613774,33855.13405126633
85,0.25698366165161135,0.006249904632568359,-10798018.215838034,-471251.6506624486,1,log2,100,0.9,"{'n_estimators': 100, 'max_features': 'log2', 'learning_rate': 1, 'subsample': 0.9}",63,-10825814.02173503,-455993.35563721275,-8782295.07803847,-430241.8026656051,-10490115.823008012,-430117.90847305476,-9881043.12453984,-495616.92448814114,-14010823.031868817,-544288.2620482292,0.007730277862795597,0.007654538682555164,1750524.1707881878,43668.343494168366
86,0.20001020431518554,0.0031262874603271485,-9595143.909557179,-382609.32209285226,1,log2,100,1,"{'n_estimators': 100, 'max_features': 'log2', 'learning_rate': 1, 'subsample': 1}",47,-7862221.2640100885,-356188.1536642665,-9010609.510996742,-383684.74387308327,-9983112.514688978,-368162.5415454643,-7779567.649988859,-407343.83849200234,-13340208.60810122,-397667.3328894451,0.006253197349698389,0.006252574920654297,2040443.4688423553,18689.484380108563
87,1.1380022525787354,0.004841327667236328,-13252734.319789303,-4859.414669388423,1,log2,500,0.8,"{'n_estimators': 500, 'max_features': 'log2', 'learning_rate': 1, 'subsample': 0.8}",85,-11266351.725198567,-4400.559516130779,-10044332.915659878,-5024.804300309606,-12437379.818939768,-6068.930633216077,-18100451.106207937,-3518.4971502227568,-14415156.032940364,-5284.281747062898,0.007543603404178882,0.006332968605665728,2819785.120348653,857.8347714260984
88,1.0915215492248536,0.009376621246337891,-11741824.6453432,-2389.7815682201563,1,log2,500,0.9,"{'n_estimators': 500, 'max_features': 'log2', 'learning_rate': 1, 'subsample': 0.9}",73,-11236291.831277743,-2045.0242648191104,-9396262.99427635,-2125.4196900889315,-11418568.04857635,-2414.764867176118,-15071749.210053587,-2497.858769826834,-11586251.14253196,-2865.840249189788,0.012062550754458846,0.007655980912801417,1842515.5865741975,292.46590068513234
89,0.7742444515228272,0.0031255245208740234,-10114580.00386474,-1599.6320204323529,1,log2,500,1,"{'n_estimators': 500, 'max_features': 'log2', 'learning_rate': 1, 'subsample': 1}",55,-8766306.205876116,-1489.6303336344909,-8937690.53982703,-1256.8617522046263,-10976214.901977729,-1097.372655779059,-10268626.956458418,-2615.332453934568,-11624061.415184405,-1538.9629066090201,0.09308552292756753,0.006251049041748047,1117818.4411857612,532.3879054317274
