,mean_fit_time,mean_score_time,mean_test_score,mean_train_score,param_learning_rate,param_max_features,param_n_estimators,param_subsample,params,rank_test_score,split0_test_score,split0_train_score,split1_test_score,split1_train_score,split2_test_score,split2_train_score,std_fit_time,std_score_time,std_test_score,std_train_score
0,1.0312795639038086,0.0016677379608154297,-7360343.748976732,-103510.1842071482,0.6,auto,100,0.8,"{'max_features': 'auto', 'subsample': 0.8, 'learning_rate': 0.6, 'n_estimators': 100}",7,-8832567.099888394,-111639.63957934424,-6274305.821964968,-91753.54447126684,-6969737.233932953,-107137.36857083351,0.012758982970479614,0.00235853764266963,1080508.561563127,8513.97065487063
1,1.0052576065063477,0.00520936648050944,-7826513.921863249,-72060.23328648477,0.6,auto,100,0.9,"{'max_features': 'auto', 'subsample': 0.9, 'learning_rate': 0.6, 'n_estimators': 100}",13,-8031135.41436811,-76127.98099684349,-6258223.576140378,-70421.67737819227,-9189568.296124788,-69631.04148441854,0.007360862839916675,0.007367156728108248,1204863.4886645465,2894.3859285954827
2,0.901091734568278,0.005211830139160156,-7222147.591320314,-68501.55211641167,0.6,auto,100,1,"{'max_features': 'auto', 'subsample': 1, 'learning_rate': 0.6, 'n_estimators': 100}",2,-7092025.509175226,-74519.18411850822,-6586209.895290569,-53345.88403192693,-7988598.1264985865,-77639.58819879983,0.014730043039935225,0.007370640867585148,579608.1816494283,10792.124805350022
3,5.048957347869873,0.010422786076863607,-8314399.553114052,-4.611774932378768,0.6,auto,500,0.8,"{'max_features': 'auto', 'subsample': 0.8, 'learning_rate': 0.6, 'n_estimators': 500}",24,-7754912.5628438685,-4.471676076311769,-6797989.375660739,-4.8966227701480785,-10391976.861949472,-4.467025950676456,0.014185155528145246,0.007370022745300871,1519085.6039997102,0.2014267839331778
4,4.903529008229573,0.015621264775594076,-8017160.722170987,-1.7807939561292752,0.6,auto,500,0.9,"{'max_features': 'auto', 'subsample': 0.9, 'learning_rate': 0.6, 'n_estimators': 500}",14,-7665526.41848098,-2.104944719245018,-7319079.164190253,-1.6866775142923816,-9067932.542711668,-1.5507596348504256,0.07327283642496116,4.019472953924113e-06,755809.0186577932,0.23583003117978618
5,4.362587769826253,0.015623092651367188,-7324751.790717506,-2.4493173125436254,0.6,auto,500,1,"{'max_features': 'auto', 'subsample': 1, 'learning_rate': 0.6, 'n_estimators': 500}",5,-7121024.8813867895,-3.28096466580247,-6658240.560003768,-1.9473813340034378,-8195601.72328247,-2.1196059378249674,0.009118013679486198,5.408827313478328e-06,643687.7793316792,0.5922518150681078
6,0.28647351264953613,0.00521095593770345,-10425502.461207477,-364081.754145628,0.6,sqrt,100,0.8,"{'max_features': 'sqrt', 'subsample': 0.8, 'learning_rate': 0.6, 'n_estimators': 100}",54,-8551833.69788972,-371407.8677064452,-7721645.4167601215,-323527.33483619225,-15008654.90189547,-397310.05989424646,0.01948603600156094,0.007369404560028829,3256044.0714709046,30563.88483354821
7,0.2862427234649658,0.003670295079549154,-7394503.656282941,-281579.5052906259,0.6,sqrt,100,0.9,"{'max_features': 'sqrt', 'subsample': 0.9, 'learning_rate': 0.6, 'n_estimators': 100}",8,-8053818.76591665,-262955.3729194722,-5888065.303303797,-272572.9304279995,-8239646.974374222,-309210.2125244061,0.015088352933224719,0.002627335430537274,1067115.4143016126,19928.477777402033
8,0.22722125053405762,0.0,-7328809.074601458,-273227.84013783553,0.6,sqrt,100,1,"{'max_features': 'sqrt', 'subsample': 1, 'learning_rate': 0.6, 'n_estimators': 100}",6,-6816587.622607242,-274713.75864914106,-7440799.701673494,-281505.2442834057,-7730578.102082181,-263464.5174809597,0.012771330089873443,0.0,381524.07056332525,7439.664923314931
9,1.1031797726949055,0.015630404154459637,-9159353.72105827,-1225.3784876384573,0.6,sqrt,500,0.8,"{'max_features': 'sqrt', 'subsample': 0.8, 'learning_rate': 0.6, 'n_estimators': 500}",33,-8362844.484799653,-972.2802147809491,-8338655.662564275,-941.1852829946083,-10778952.935439281,-1762.6699651398144,0.1264755492707856,5.0775632365427935e-06,1144413.3997953038,380.1344696660142
10,1.156372865041097,0.015621264775594076,-8356420.430662157,-1046.6576983390332,0.6,sqrt,500,0.9,"{'max_features': 'sqrt', 'subsample': 0.9, 'learning_rate': 0.6, 'n_estimators': 500}",25,-7845748.237242837,-850.3262775298416,-7163509.119881839,-1014.0999300143559,-10061537.484992186,-1275.546887472902,7.311131633776437e-05,4.194782009250846e-06,1236586.5334460477,175.11548187562704
11,0.8615619341532389,0.020835399627685547,-7268241.401019476,-944.8974495671051,0.6,sqrt,500,1,"{'max_features': 'sqrt', 'subsample': 1, 'learning_rate': 0.6, 'n_estimators': 500}",3,-7217746.681061713,-951.3874995330493,-5844079.243299948,-795.2078629311299,-8743049.914492436,-1088.0969862371362,0.0015861379655958759,0.0073650811013774645,1183448.283768929,119.65951751855648
12,0.26043375333150226,0.005204995473225911,-10167246.538637072,-497512.1183390573,0.6,log2,100,0.8,"{'max_features': 'log2', 'subsample': 0.8, 'learning_rate': 0.6, 'n_estimators': 100}",49,-6375542.892612372,-470151.75729577197,-10129621.537911765,-504589.52962515,-14007961.682822585,-517795.0680962499,0.007362607756600624,0.00736097519032665,3116810.6841958193,20083.8007507231
13,0.23959843317667642,0.0,-7620419.250659298,-405957.0155147903,0.6,log2,100,0.9,"{'max_features': 'log2', 'subsample': 0.9, 'learning_rate': 0.6, 'n_estimators': 100}",11,-8010553.7519056415,-369305.8509830799,-6909760.76001527,-445341.88917192724,-7939771.664978166,-403223.30638936383,0.007370865650777206,0.0,502965.79483491095,31101.711100310797
14,0.18751327196756998,0.0,-7061814.681016354,-404013.48290991917,0.6,log2,100,1,"{'max_features': 'log2', 'subsample': 1, 'learning_rate': 0.6, 'n_estimators': 100}",1,-7242995.701258107,-372781.0285868568,-5259693.589636168,-443023.74267342925,-8682210.665006911,-396235.67746947147,5.282405013365385e-06,0.0,1402419.6310397664,29199.091466049475
15,1.0260967413584392,0.015627066294352215,-8934151.855877463,-3862.2187236378645,0.6,log2,500,0.8,"{'max_features': 'log2', 'subsample': 0.8, 'learning_rate': 0.6, 'n_estimators': 500}",31,-7842763.49937387,-3823.550474311085,-10263393.924205242,-3725.6425566702624,-8699575.586565299,-4037.4631399322466,0.007364178583023971,6.910940870383473e-06,1002264.0027516743,130.20354364342907
16,1.0092065334320068,0.015630006790161133,-7575705.717719331,-3234.129283750671,0.6,log2,500,0.9,"{'max_features': 'log2', 'subsample': 0.9, 'learning_rate': 0.6, 'n_estimators': 500}",10,-6618788.931052979,-3015.0895783910128,-7711645.006930019,-3393.016120279068,-8399556.839158978,-3294.282152581932,0.0070265084674725805,7.080670549830197e-06,733492.573596781,160.04352217931057
17,0.720043420791626,0.015620946884155273,-7564371.061817612,-2971.7042428823756,0.6,log2,500,1,"{'max_features': 'log2', 'subsample': 1, 'learning_rate': 0.6, 'n_estimators': 500}",9,-8004021.3233994525,-2474.9285488953587,-6183630.863424795,-2551.33680034478,-8504140.727572786,-3888.8473794069882,0.013619988107830385,4.242689709675833e-06,996744.6759033955,649.2678979065795
18,1.0417253971099854,0.010414520899454752,-10168966.381787091,-59970.5350793048,0.7,auto,100,0.8,"{'max_features': 'auto', 'subsample': 0.8, 'learning_rate': 0.7, 'n_estimators': 100}",50,-9517163.876254214,-67361.12939825274,-8567049.575269125,-51105.601122771724,-12424643.058719417,-61444.87471688992,0.0073623837043982395,0.007364179329185066,1640351.2540882507,6717.678562517297
19,0.9993593692779541,0.010419686635335287,-8190790.044031906,-56803.23552668517,0.7,auto,100,0.9,"{'max_features': 'auto', 'subsample': 0.9, 'learning_rate': 0.7, 'n_estimators': 100}",20,-8275777.835232498,-61682.47732803565,-6685150.299233179,-58353.03567804526,-9611186.77903785,-50374.1935739746,0.005847936451989756,0.007367831910913201,1195467.9444342635,4744.87307504687
20,0.8867853482564291,0.005208412806193034,-8021915.526732616,-50108.0495711199,0.7,auto,100,1,"{'max_features': 'auto', 'subsample': 1, 'learning_rate': 0.7, 'n_estimators': 100}",15,-6338315.752748363,-44048.23632204571,-7349474.219310872,-56183.80088750106,-10383012.463315744,-50092.11150381292,0.008455969608173448,0.007365808028955899,1718633.7902697765,4954.336305841981
21,5.037229061126709,0.010420481363932291,-9367730.39033525,-1.011914639771126,0.7,auto,500,0.8,"{'max_features': 'auto', 'subsample': 0.8, 'learning_rate': 0.7, 'n_estimators': 500}",36,-8446421.857446717,-0.8173614057261495,-9630248.719467098,-0.556359611987264,-10029287.286382893,-1.662022901599965,0.017623440897014085,0.007368393614251545,672451.6979028551,0.4718834942068607
22,4.936370452245076,0.015627543131510418,-8825174.898250384,-0.30190914450413975,0.7,auto,500,0.9,"{'max_features': 'auto', 'subsample': 0.9, 'learning_rate': 0.7, 'n_estimators': 500}",30,-8734700.606038934,-0.30633970835372504,-6907871.371282446,-0.25443541589428975,-10833224.412000977,-0.34495230926440446,0.017995947011891365,2.099648287077412e-06,1602998.1614961128,0.037085931010408045
23,4.355627059936523,0.015629291534423828,-8028917.789268147,-0.30126731069191964,0.7,auto,500,1,"{'max_features': 'auto', 'subsample': 1, 'learning_rate': 0.7, 'n_estimators': 500}",16,-6380273.712303591,-0.26249440893538,-7466471.423052756,-0.2949115683420877,-10244959.115562104,-0.34639595479829105,0.038322115207626135,7.592050231976823e-06,1627413.2067724532,0.03454623901536052
24,0.2812686761220296,0.0,-8108650.966046747,-309315.8565445074,0.7,sqrt,100,0.8,"{'max_features': 'sqrt', 'subsample': 0.8, 'learning_rate': 0.7, 'n_estimators': 100}",19,-10444129.806322725,-308594.76283377165,-6357864.052978431,-309065.41647388635,-7516945.588868287,-310287.3903258641,3.4841394769005733e-06,0.0,1720205.9018703175,713.3428948625256
25,0.27605628967285156,0.0052076975504557295,-8193315.216141566,-275213.7248764329,0.7,sqrt,100,0.9,"{'max_features': 'sqrt', 'subsample': 0.9, 'learning_rate': 0.7, 'n_estimators': 100}",21,-9444276.012727777,-257806.21816870253,-7109776.625423182,-249867.1756733651,-8022136.371244953,-317967.78078723105,0.007366763641092487,0.007364796504591637,960934.8637076296,30404.923631471647
26,0.21407429377237955,0.005208174387613933,-8200345.130298618,-221592.36026065683,0.7,sqrt,100,1,"{'max_features': 'sqrt', 'subsample': 1, 'learning_rate': 0.7, 'n_estimators': 100}",22,-7080605.489591315,-210079.41318041284,-6787963.986311357,-231208.24665529554,-10735828.496496808,-223489.4209462621,0.006628130025722164,0.007365470854167811,1795494.119219885,8729.491410767023
27,1.1803200244903564,0.01041706403096517,-9688823.478682056,-678.8595835150726,0.7,sqrt,500,0.8,"{'max_features': 'sqrt', 'subsample': 0.8, 'learning_rate': 0.7, 'n_estimators': 500}",43,-10458568.335329108,-642.5545744522303,-8067201.3835607,-509.487018454866,-10538389.171040302,-884.5371576381214,0.006432929641245532,0.007365979678078607,1146263.614758281,155.25074769038332
28,1.1511070728302002,0.010420640309651693,-8771362.51269691,-438.49482720513714,0.7,sqrt,500,0.9,"{'max_features': 'sqrt', 'subsample': 0.9, 'learning_rate': 0.7, 'n_estimators': 500}",28,-8836418.631623782,-430.7869206911952,-8770750.431352217,-493.9337934674863,-8706723.111394234,-390.7637674567301,0.014737235638998961,0.007368506170412081,52962.91603422017,42.470165480297496
29,0.8587876955668131,0.015616178512573242,-9320753.536388222,-411.52222970128815,0.7,sqrt,500,1,"{'max_features': 'sqrt', 'subsample': 1, 'learning_rate': 0.7, 'n_estimators': 500}",34,-11265844.705072375,-227.53552515106347,-6647455.633434996,-419.0557384518327,-10043119.156036625,-587.9754255009683,0.0009082935646815316,7.018852922382233e-07,1953766.605510138,147.245363835636
30,0.25001056989034015,0.0,-8030315.018292104,-441791.3588302371,0.7,log2,100,0.8,"{'max_features': 'log2', 'subsample': 0.8, 'learning_rate': 0.7, 'n_estimators': 100}",17,-7295865.961394932,-383493.3775892052,-6574719.644305365,-460280.9098249011,-10222565.00189943,-481599.7890766051,4.13106009749318e-06,0.0,1576735.806820113,42131.65568169984
31,0.2395944595336914,0.0,-8992504.803173855,-373264.53689416026,0.7,log2,100,0.9,"{'max_features': 'log2', 'subsample': 0.9, 'learning_rate': 0.7, 'n_estimators': 100}",32,-10231340.813015675,-365457.54643251124,-7436649.031025927,-370915.7513792127,-9305804.337222178,-383420.3128707568,0.007367271434404975,0.0,1162484.268937079,7518.991048235156
32,0.18826818466186523,0.0,-7316108.232548078,-312383.53695837554,0.7,log2,100,1,"{'max_features': 'log2', 'subsample': 1, 'learning_rate': 0.7, 'n_estimators': 100}",4,-7278753.130174497,-300821.7632640254,-6097867.91015844,-326886.0959700276,-8571815.8347959,-309442.7516410737,0.001073734105287866,0.0,1009826.4452954663,10842.002384680858
33,1.0313124656677246,0.015622377395629883,-10723526.433130417,-2707.0943274021206,0.7,log2,500,0.8,"{'max_features': 'log2', 'subsample': 0.8, 'learning_rate': 0.7, 'n_estimators': 500}",60,-8597181.069592133,-2617.5243349643642,-8181640.431484502,-2659.244008586199,-15398143.219826741,-2844.5146386557985,3.022059335999734e-06,8.431617234468361e-06,3307330.2735756286,98.65221487823237
34,1.000053882598877,0.015617450078328451,-8488062.647731196,-1724.0411997466515,0.7,log2,500,0.9,"{'max_features': 'log2', 'subsample': 0.9, 'learning_rate': 0.7, 'n_estimators': 500}",27,-7531041.377594873,-1137.6286954739646,-7270456.095708884,-1489.8317604046151,-10665564.407637985,-2544.6631433613748,3.371747880871523e-07,5.619579801452537e-07,1542246.9583058816,597.8165997991583
35,0.7240015665690104,0.01562809944152832,-7709796.438438157,-1619.544607433525,0.7,log2,500,1,"{'max_features': 'log2', 'subsample': 1, 'learning_rate': 0.7, 'n_estimators': 500}",12,-6695247.597698266,-1289.6357918343588,-6206855.235851739,-1623.68115353526,-10230333.174979903,-1945.3168769309561,0.007371034243955047,3.239920474789859e-06,1792083.8642891767,267.6966624105247
36,1.014785369237264,0.00520634651184082,-10251501.62673749,-78005.51061121245,0.8,auto,100,0.8,"{'max_features': 'auto', 'subsample': 0.8, 'learning_rate': 0.8, 'n_estimators': 100}",52,-8558842.65558336,-83999.39592248818,-11110996.901995134,-65806.67158114778,-11089748.382607413,-84210.46433000137,0.012819244265996432,0.007362885847459144,1198717.7793484954,8626.312179575323
37,0.994837760925293,0.0,-10969609.206119062,-49764.897292807385,0.8,auto,100,0.9,"{'max_features': 'auto', 'subsample': 0.9, 'learning_rate': 0.8, 'n_estimators': 100}",64,-9117649.123985825,-49042.333242722954,-9497816.940363185,-45624.0998379988,-14298922.995696265,-54628.25879770039,0.019490177880031254,0.0,2357531.7557657133,3711.2705594130807
38,0.9159525235493978,0.0,-9447170.575828915,-39078.96583518318,0.8,auto,100,1,"{'max_features': 'auto', 'subsample': 1, 'learning_rate': 0.8, 'n_estimators': 100}",37,-7549993.580739959,-31613.355800469235,-8314431.089723444,-40328.946043255084,-12482784.285236826,-45294.59566182524,0.015305043448320548,0.0,2167489.3616492306,5654.845646370772
39,5.067704598108928,0.015627225240071613,-12368918.881098732,-0.32118596214292316,0.8,auto,500,0.8,"{'max_features': 'auto', 'subsample': 0.8, 'learning_rate': 0.8, 'n_estimators': 500}",77,-9745068.724083018,-0.27016596675357785,-8629535.203547817,-0.31360828642889893,-18740032.145566314,-0.37978363324629266,0.0037028467801581665,2.6429953810876036e-06,4524667.916648937,0.04507086330618483
40,4.9822596708933515,0.01562817891438802,-9453400.266437812,-0.060591089421977495,0.8,auto,500,0.9,"{'max_features': 'auto', 'subsample': 0.9, 'learning_rate': 0.8, 'n_estimators': 500}",38,-8165189.308210997,-0.03697879002365651,-8917461.472364297,-0.038415906603876775,-11281418.520114195,-0.10637857163839921,0.01787248524058457,4.832838629249183e-06,1327661.9415952866,0.03238195456120211
41,4.3516294956207275,0.010412057240804037,-9549793.218419844,-0.048697468219064434,0.8,auto,500,1,"{'max_features': 'auto', 'subsample': 1, 'learning_rate': 0.8, 'n_estimators': 500}",42,-7606372.79293273,-0.028965405037856724,-8632902.445659462,-0.05717727845306243,-12415940.514041174,-0.05994972116627414,0.052267006299754705,0.007362436283648606,2068080.4494717752,0.013998508198849615
42,0.27605652809143066,0.0052080949147542315,-11440984.532412536,-303771.30598413595,0.8,sqrt,100,0.8,"{'max_features': 'sqrt', 'subsample': 0.8, 'learning_rate': 0.8, 'n_estimators': 100}",68,-10166461.391587626,-345386.30247388786,-10594048.70024926,-281041.3945201325,-13566270.902220018,-284886.22095838754,0.00737249602862031,0.007365358462571784,1511794.3389678001,29468.080157085486
43,0.27605565388997394,0.0,-8237872.94601967,-245609.667195323,0.8,sqrt,100,0.9,"{'max_features': 'sqrt', 'subsample': 0.9, 'learning_rate': 0.8, 'n_estimators': 100}",23,-9568727.444502467,-264770.4860719031,-6331882.169804673,-205682.33941556927,-8809012.663696364,-266376.1760984966,0.007369179941395056,0.0,1381998.3668866977,28240.493242143097
44,0.20313239097595215,0.01041396458943685,-11987834.488284413,-188665.73772874847,0.8,sqrt,100,1,"{'max_features': 'sqrt', 'subsample': 1, 'learning_rate': 0.8, 'n_estimators': 100}",75,-7587968.257618395,-182451.47725491616,-7096468.153037469,-199847.46324218472,-21292279.865700874,-183698.27268914448,7.83765194316809e-06,0.007363785188649036,6577365.499244548,7923.040822271747
45,1.1840901374816895,0.01563231150309245,-10343833.36360923,-411.0242182792528,0.8,sqrt,500,0.8,"{'max_features': 'sqrt', 'subsample': 0.8, 'learning_rate': 0.8, 'n_estimators': 500}",53,-10968681.981811026,-297.5108814219527,-7990848.198266885,-386.74539394041875,-12070093.488472898,-548.8163794753867,0.005648163667522914,4.052336624139774e-07,1722325.3042586045,104.02150201257462
46,1.1521797974904378,0.015624682108561197,-9502886.767593123,-272.86075681522203,0.8,sqrt,500,0.9,"{'max_features': 'sqrt', 'subsample': 0.9, 'learning_rate': 0.8, 'n_estimators': 500}",41,-8134778.199829874,-254.6982233800627,-8351494.979881305,-222.65881083538028,-12026495.557205616,-341.2252362302231,0.008542172976485244,6.138474628870493e-06,1785317.3912726191,50.07932057123758
47,0.8652384281158447,0.015625476837158203,-8821930.386718743,-165.24904132700397,0.8,sqrt,500,1,"{'max_features': 'sqrt', 'subsample': 1, 'learning_rate': 0.8, 'n_estimators': 500}",29,-8657501.750351956,-121.57151615104334,-7566433.591568694,-125.08113434025398,-10242349.59792437,-249.09447348971457,0.006970258537592978,1.1680077279964342e-06,1098083.167048565,59.30498419679012
48,0.23959644635518393,0.015624523162841797,-9966952.537721688,-446575.29030110716,0.8,log2,100,0.8,"{'max_features': 'log2', 'subsample': 0.8, 'learning_rate': 0.8, 'n_estimators': 100}",45,-8897421.234878771,-418553.4211101119,-9865092.710088287,-486264.2461005207,-11141555.47391225,-434908.2036926888,0.007364685247597148,3.888489348959944e-06,919213.87008813,28847.641586638045
49,0.24480374654134116,0.005208651224772136,-10104314.812805861,-342580.85923393635,0.8,log2,100,0.9,"{'max_features': 'log2', 'subsample': 0.9, 'learning_rate': 0.8, 'n_estimators': 100}",47,-10840205.546390254,-367674.499013311,-8412979.292186502,-334326.30158851465,-11057549.71775799,-325741.7770999834,0.0073666523863714535,0.007366145203743986,1198349.0861485857,18086.672500422483
50,0.17708945274353027,0.010417779286702475,-12155297.596217278,-262160.0081438687,0.8,log2,100,1,"{'max_features': 'log2', 'subsample': 1, 'learning_rate': 0.8, 'n_estimators': 100}",76,-7547209.751428215,-237461.83470567752,-8221903.028584317,-283273.90308757994,-20710618.110275302,-265744.28663834854,0.00736979881054222,0.0073664824711300045,6051263.76204417,18873.644615380443
51,1.0310186545054119,0.015631755193074543,-11507505.994576205,-1574.4650729079196,0.8,log2,500,0.8,"{'max_features': 'log2', 'subsample': 0.8, 'learning_rate': 0.8, 'n_estimators': 500}",69,-10285040.8044713,-1733.7179403482453,-13236235.789984554,-1719.920247443612,-11004912.455909709,-1269.7570309319017,0.0004057677046162646,2.135440324551964e-06,1256353.963787212,215.53474153991462
52,1.0052612622578938,0.0156253178914388,-9473967.33161911,-1095.7502900366753,0.8,log2,500,0.9,"{'max_features': 'log2', 'subsample': 0.9, 'learning_rate': 0.8, 'n_estimators': 500}",39,-9738775.655747905,-692.4296723997915,-8721527.752110023,-1045.1093451510326,-9960803.36680682,-1549.7118525592016,0.007362661066840586,7.5302369339464005e-06,539331.427710299,351.81108858675924
53,0.7370332876841227,0.015630086263020832,-8052939.505558043,-1019.0811748440092,0.8,log2,500,1,"{'max_features': 'log2', 'subsample': 1, 'learning_rate': 0.8, 'n_estimators': 500}",18,-8948326.575143555,-853.0599746471486,-8100971.800349688,-753.5196920930988,-7106831.291122069,-1450.6638577917802,0.012443403850373992,3.440357974674442e-06,752739.8548637959,307.86877737983565
54,1.017997105916341,0.005205949147542317,-13225336.862919398,-75314.0766926642,0.9,auto,100,0.8,"{'max_features': 'auto', 'subsample': 0.8, 'learning_rate': 0.9, 'n_estimators': 100}",82,-13496206.88613255,-52362.90981404724,-9626977.291995768,-53691.90870110029,-16552012.987136744,-119887.41156284504,0.023907596798506167,0.007362323889478999,2832223.3893811405,31522.776903877053
55,1.0276432037353516,0.0,-10678335.357423978,-34385.81352547203,0.9,auto,100,0.9,"{'max_features': 'auto', 'subsample': 0.9, 'learning_rate': 0.9, 'n_estimators': 100}",58,-9920643.369954797,-37521.59152133031,-9631510.367802462,-37204.50904623234,-12485127.6858284,-28431.340008853444,0.02868744755088807,0.0,1282085.0307176763,4212.438048532596
56,0.9219270547231039,0.0,-11345615.056366669,-25685.415841304475,0.9,auto,100,1,"{'max_features': 'auto', 'subsample': 1, 'learning_rate': 0.9, 'n_estimators': 100}",67,-8818429.953326015,-27462.88932408464,-10026968.628016476,-22951.708653788322,-15199035.732211092,-26641.649546040448,5.159006871260796e-06,0.0,2767100.136896546,1961.8825879867877
57,5.007395664850871,0.015617926915486654,-11754500.220795145,-0.1514932792792409,0.9,auto,500,0.8,"{'max_features': 'auto', 'subsample': 0.8, 'learning_rate': 0.9, 'n_estimators': 500}",74,-12001185.395260358,-0.17273045615392907,-11084388.709199153,-0.1359611025312607,-12177185.76160621,-0.1457882791525329,0.031123857141507144,5.619579801452537e-07,478908.50703495863,0.015543629162061059
58,4.924918969472249,0.01562611262003581,-11334285.703020632,-0.019201237845881815,0.9,auto,500,0.9,"{'max_features': 'auto', 'subsample': 0.9, 'learning_rate': 0.9, 'n_estimators': 500}",66,-10358025.057131508,-0.023006461942600157,-10728286.633903801,-0.011963905770119285,-12919477.131677903,-0.022633345824926,0.048932944166315155,6.78364986828909e-06,1130217.9272056282,0.005119833043531982
59,4.430275917053223,0.01563127835591634,-10864940.914345913,-0.011617641272067087,0.9,auto,500,1,"{'max_features': 'auto', 'subsample': 1, 'learning_rate': 0.9, 'n_estimators': 500}",62,-8658130.387837082,-0.00596059420124245,-8994806.345288953,-0.011599841104652711,-14948513.068549866,-0.017292488510306098,0.006394755788141204,4.158489053074878e-06,2888629.698515475,0.00462624360162881
60,0.2708577315012614,0.015619357426961264,-10886230.059667999,-294783.75951838895,0.9,sqrt,100,0.8,"{'max_features': 'sqrt', 'subsample': 0.8, 'learning_rate': 0.9, 'n_estimators': 100}",63,-10161876.690938842,-344693.62385732983,-8389354.353862325,-259929.81664450778,-14109634.369544365,-279727.83805332927,0.007365470980221192,3.3169804818962744e-06,2389828.1730375374,36205.30653255726
61,0.2656460603078206,0.010413090387980143,-11002674.313108018,-215791.39992478583,0.9,sqrt,100,0.9,"{'max_features': 'sqrt', 'subsample': 0.9, 'learning_rate': 0.9, 'n_estimators': 100}",65,-12654826.063868256,-219368.4714635191,-7325352.775805986,-185520.0784670762,-13022882.682980862,-242485.64984376222,4.8563054776039725e-06,0.00736316752703636,2602652.2516603754,23393.24206066058
62,0.20835057894388834,0.005208412806193034,-8461538.086130986,-191428.39853687992,0.9,sqrt,100,1,"{'max_features': 'sqrt', 'subsample': 1, 'learning_rate': 0.9, 'n_estimators': 100}",26,-8160075.895554071,-184229.46084321183,-7724105.140164192,-212925.53831923,-9501338.51453829,-177130.1964481979,0.0073690118894742355,0.007365808028955899,755960.426584331,15474.60614154691
63,1.187564531962077,0.010411739349365234,-12846373.890470043,-248.39034192203198,0.9,sqrt,500,0.8,"{'max_features': 'sqrt', 'subsample': 0.8, 'learning_rate': 0.9, 'n_estimators': 500}",81,-10511917.890987253,-214.35412218508952,-12157231.295115752,-318.7827020255968,-15876982.86368395,-212.0342015554096,0.012758732418749164,0.007362211500456626,2244284.0684829596,49.7839249734588
64,1.1556261380513508,0.010419527689615885,-10624342.198953219,-169.9216800534287,0.9,sqrt,500,0.9,"{'max_features': 'sqrt', 'subsample': 0.9, 'learning_rate': 0.9, 'n_estimators': 500}",57,-9828424.128885021,-129.07308430664142,-11764640.708327765,-144.5111942663157,-10282351.904001432,-236.18076158732896,0.011927435701867535,0.007367719344452046,826755.3768961943,47.274258140266156
65,0.854668378829956,0.01562198003133138,-10164114.967844736,-123.65074774786068,0.9,sqrt,500,1,"{'max_features': 'sqrt', 'subsample': 1, 'learning_rate': 0.9, 'n_estimators': 500}",48,-7596618.36898114,-64.1300854408272,-7922479.256733546,-164.81977274218008,-14980957.477816109,-142.00238506057474,0.007703265235579125,4.9490602737872646e-06,3406068.035507393,43.10599514571884
66,0.23958977063496908,0.01563111941019694,-11636208.721596722,-428287.0583297708,0.9,log2,100,0.8,"{'max_features': 'log2', 'subsample': 0.8, 'learning_rate': 0.9, 'n_estimators': 100}",72,-8389518.589475777,-448488.22474206676,-9588263.244643178,-384238.0350804692,-16940594.15088779,-452134.9151667764,0.0073653592960802846,3.943327658988723e-06,3779785.429590343,31182.921871611605
67,0.2395918369293213,0.0,-10011820.131651409,-301604.14934411517,0.9,log2,100,0.9,"{'max_features': 'log2', 'subsample': 0.9, 'learning_rate': 0.9, 'n_estimators': 100}",46,-9568676.817567525,-280911.1691847833,-9123301.9991827,-371590.6336996483,-11344812.338906955,-252310.64514791392,0.007367944397647731,0.0,959259.282370908,50846.68778548149
68,0.18750445048014322,0.0,-9736578.425231755,-286069.4612351277,0.9,log2,100,1,"{'max_features': 'log2', 'subsample': 1, 'learning_rate': 0.9, 'n_estimators': 100}",44,-7909572.684528523,-216875.97687509132,-9545274.287572006,-337428.4648581321,-11760374.807320572,-303903.94197215966,4.6449150073377155e-06,0.0,1578273.5923246404,50805.36137781112
69,1.0334238211313884,0.01562674840291341,-10452262.02560868,-1648.196446434168,0.9,log2,500,0.8,"{'max_features': 'log2', 'subsample': 0.8, 'learning_rate': 0.9, 'n_estimators': 500}",55,-10084069.359005803,-1533.3853801235975,-11339428.811859822,-2210.2792073974842,-9934393.589643903,-1200.9247517814224,0.0069456298200019214,3.4895735422929366e-06,629823.8754847277,419.98832521752064
70,1.0065211455027263,0.015627622604370117,-11640310.170276439,-678.1996265603339,0.9,log2,500,0.9,"{'max_features': 'log2', 'subsample': 0.9, 'learning_rate': 0.9, 'n_estimators': 500}",73,-9231415.305618634,-877.5233302037249,-8126125.2001301395,-526.8009715732089,-17570623.923593033,-630.2745779040679,0.009142887754232156,7.265575566698326e-06,4214458.411938344,147.13746617220954
71,0.7135803699493408,0.010418335596720377,-9487374.287796052,-756.9162767515962,0.9,log2,500,1,"{'max_features': 'log2', 'subsample': 1, 'learning_rate': 0.9, 'n_estimators': 500}",40,-9558727.976684077,-418.8662093396796,-7295295.177665458,-833.6923618445333,-11607885.433696618,-1018.190259070576,0.0073623812749225685,0.007366875765193346,1760452.413276227,250.62356177889436
72,1.0365130106608074,0.010418097178141275,-13266320.885906445,-69856.0802656618,1,auto,100,0.8,"{'max_features': 'auto', 'subsample': 0.8, 'learning_rate': 1, 'n_estimators': 100}",83,-10054276.882931804,-74046.94507747829,-15372263.72425667,-55608.24323066811,-14382067.828317568,-79913.05248883899,0.026553122999701535,0.007366710682909383,2310271.825407847,10355.463909524882
73,1.000052531560262,0.005211273829142253,-14034747.725166189,-37023.70870023021,1,auto,100,0.9,"{'max_features': 'auto', 'subsample': 0.9, 'learning_rate': 1, 'n_estimators': 100}",85,-9732507.482008532,-29170.616501243767,-17860254.500382304,-42334.56352483974,-14524400.833477575,-39565.94607460713,0.01275191905073806,0.007369854126412945,3336948.5883320933,5666.83941662778
74,0.9144955476125082,0.015625476837158203,-10761779.586380472,-19093.01530525244,1,auto,100,1,"{'max_features': 'auto', 'subsample': 1, 'learning_rate': 1, 'n_estimators': 100}",61,-9480746.854917658,-19751.594737016432,-10205410.157747315,-19853.668516811736,-12603028.69161597,-17673.782661929155,0.010496476196287977,4.936281888729583e-06,1334212.9280636702,1004.4138376971338
75,4.995450735092163,0.010416428248087565,-14360564.973308831,-0.09090470682303725,1,auto,500,0.8,"{'max_features': 'auto', 'subsample': 0.8, 'learning_rate': 1, 'n_estimators': 500}",87,-11103272.778951002,-0.09424181593267839,-16477327.984817442,-0.10586757061662432,-15510875.814399369,-0.07260473391980904,0.025929171438723687,0.007365527590833588,2340175.8567571146,0.013782991914844122
76,4.9027455647786455,0.015623966852823893,-13534918.753115218,-0.009188185426414227,1,auto,500,0.9,"{'max_features': 'auto', 'subsample': 0.9, 'learning_rate': 1, 'n_estimators': 500}",84,-11640613.632188823,-0.003339702660673504,-14935803.063101592,-0.008736935643518066,-14034028.168021984,-0.015487917975051111,0.01172224214036493,3.1709571430301674e-06,1391036.082195193,0.004969742019195935
77,4.630903402964274,0.014509995778401693,-10693866.156796511,-0.0019700813554953396,1,auto,500,1,"{'max_features': 'auto', 'subsample': 1, 'learning_rate': 1, 'n_estimators': 500}",59,-9900713.659877248,-0.0027533598607384887,-9479961.890208516,-0.0017118013048028546,-12703304.759633858,-0.0014450829009446755,0.07093996092309679,5.8573168985647456e-06,1430180.026556381,0.0005644635148062392
78,0.28334418932596844,0.003502448399861654,-14156158.167443208,-364641.8632149747,1,sqrt,100,0.8,"{'max_features': 'sqrt', 'subsample': 0.8, 'learning_rate': 1, 'n_estimators': 100}",86,-13128786.129405918,-371950.2662249924,-16186480.273627399,-436893.1696921098,-13156293.300611736,-285082.15372782183,0.006176493111741389,0.002484937778240428,1434621.8967992133,62191.669902782276
79,0.2696508566538493,0.0006651878356933594,-18747368.35823832,-248149.9313083948,1,sqrt,100,0.9,"{'max_features': 'sqrt', 'subsample': 0.9, 'learning_rate': 1, 'n_estimators': 100}",90,-9666940.087947354,-226464.68473596644,-12819216.887792466,-271885.55890870193,-33783216.65233937,-246099.55028051604,0.009589438496848398,0.0009407176587631548,10701675.56963292,18599.587798720728
80,0.2042407989501953,0.01108694076538086,-10217779.017151149,-148346.42336707926,1,sqrt,100,1,"{'max_features': 'sqrt', 'subsample': 1, 'learning_rate': 1, 'n_estimators': 100}",51,-10713908.418931065,-141958.60075658603,-9831361.780215923,-157998.5267231012,-10106576.974223036,-145082.14262155062,0.005179341923465088,0.006419639396232445,368853.7032726331,6943.171842035111
81,1.1786517302195232,0.015249172846476236,-12659511.926514845,-414.4103741090296,1,sqrt,500,0.8,"{'max_features': 'sqrt', 'subsample': 0.8, 'learning_rate': 1, 'n_estimators': 500}",79,-11551122.774340468,-303.38735664251226,-12104814.513312226,-545.7266728257846,-14325926.987844318,-394.1170928587919,0.0013016841373585596,0.0005279793415355873,1198961.6777508918,99.9698254140383
82,1.154731035232544,0.01562786102294922,-12722200.873589661,-96.76775618671975,1,sqrt,500,0.9,"{'max_features': 'sqrt', 'subsample': 0.9, 'learning_rate': 1, 'n_estimators': 500}",80,-8188033.577255969,-61.34310449268829,-11606395.865225257,-119.6374084388637,-18385789.296294764,-109.3227556286073,0.0022317611449191427,2.5456138258055e-06,4238227.766458371,25.400491811270346
83,0.859418789545695,0.01562643051147461,-11570621.745898584,-51.20583508810798,1,sqrt,500,1,"{'max_features': 'sqrt', 'subsample': 1, 'learning_rate': 1, 'n_estimators': 500}",70,-10853756.822594348,-35.91310490540184,-11030209.669888617,-49.48528099424329,-12830051.492730217,-68.21911936467882,2.657294829257407e-06,6.818938086545511e-06,892795.8705667657,13.244870009509071
84,0.24480319023132324,0.010416984558105469,-12452384.237959286,-448824.70385163696,1,log2,100,0.8,"{'max_features': 'log2', 'subsample': 0.8, 'learning_rate': 1, 'n_estimators': 100}",78,-14022603.84017258,-567676.6113812313,-9879570.89977082,-398508.3921593139,-13450262.599753637,-380289.1080143656,0.01472965032444636,0.007365920423124289,1832851.6349096545,84369.49496611531
85,0.24480589230855307,0.0,-16462780.580849057,-298815.36379904445,1,log2,100,0.9,"{'max_features': 'log2', 'subsample': 0.9, 'learning_rate': 1, 'n_estimators': 100}",89,-10110234.616933169,-295792.20620303485,-9583995.744132016,-331107.7533037167,-29713188.096088342,-269546.13189038186,0.007362102081479115,0.0,9364892.579446558,25223.176103832564
86,0.18751056989034018,0.0,-9336946.357682297,-272713.79153051786,1,log2,100,1,"{'max_features': 'log2', 'subsample': 1, 'learning_rate': 1, 'n_estimators': 100}",35,-9260906.597417355,-228524.29940495527,-8589609.328114249,-347625.810200948,-10160551.49514371,-241991.26498565028,6.344901293504102e-06,0.0,643271.5417793748,53255.34524938669
87,1.028638203938802,0.015621105829874674,-15222161.297537183,-1183.1178779164873,1,log2,500,0.8,"{'max_features': 'log2', 'subsample': 0.8, 'learning_rate': 1, 'n_estimators': 500}",88,-13492552.993447417,-1141.3564526284051,-14067053.519104095,-1187.2570059055024,-18112071.39899124,-1220.7401752155536,0.003777090711558392,5.451861345336436e-06,2055374.7829577583,32.54016121994914
88,1.0075039863586426,0.015629053115844727,-11609016.95641962,-531.8576196371623,1,log2,500,0.9,"{'max_features': 'log2', 'subsample': 0.9, 'learning_rate': 1, 'n_estimators': 500}",71,-12848445.141692102,-615.6478044219551,-7604021.970982538,-319.721372294286,-14370861.750021845,-660.2036821952458,0.006227792680460177,6.274833979019128e-06,2897318.2034844626,151.10183572362845
89,0.7292048136393229,0.015627384185791016,-10456090.459136987,-435.3420599198742,1,log2,500,1,"{'max_features': 'log2', 'subsample': 1, 'learning_rate': 1, 'n_estimators': 500}",56,-9286073.320971236,-433.21952000583326,-11292842.668570211,-513.3096788746374,-10792868.952848991,-359.49698087915203,0.007364179329185066,2.618989476090126e-06,853314.7960772875,62.81170484300739
